"Country","Year","Region","Score","GDP","SocialSupport","Health","Freedom","Generosity","Corruption","Individualism","Indulgence","UncertaintyAvoidance"
"Argentina",2019,"LatinAmerica",6.086,1.092,1.432,0.881,0.471,0.066,0.05,46,62,86
"Argentina",2016,"LatinAmerica",6.65,1.15137,1.06612,0.69711,0.42284,0.10989,0.07296,46,62,86
"Argentina",2015,"LatinAmerica",6.574,1.05351,1.24823,0.78723,0.44974,0.11451,0.08484,46,62,86
"Argentina",2018,"LatinAmerica",6.388,1.073,1.468,0.744,0.57,0.062,0.054,46,62,86
"Argentina",2017,"LatinAmerica",6.59899997711182,1.18529546260834,1.44045114517212,0.695137083530426,0.494519203901291,0.109457060694695,0.059739887714386,46,62,86
"Australia",2016,"Other",7.313,1.44443,1.10476,0.8512,0.56837,0.47407,0.32331,90,71,51
"Australia",2019,"Other",7.228,1.372,1.548,1.036,0.557,0.332,0.29,90,71,51
"Australia",2015,"Other",7.284,1.33358,1.30923,0.93156,0.65124,0.43562,0.35637,90,71,51
"Australia",2017,"Other",7.28399991989136,1.484414935112,1.51004195213318,0.84388679265976,0.601607382297516,0.477699249982834,0.301183730363846,90,71,51
"Australia",2018,"Other",7.272,1.34,1.573,0.91,0.647,0.361,0.302,90,71,51
"Austria",2017,"WesternEurope",7.00600004196167,1.48709726333618,1.4599449634552,0.815328419208527,0.567766189575195,0.316472321748734,0.221060365438461,55,63,70
"Austria",2019,"WesternEurope",7.246,1.376,1.475,1.016,0.532,0.244,0.226,55,63,70
"Austria",2015,"WesternEurope",7.2,1.33723,1.29704,0.89042,0.62433,0.33088,0.18676,55,63,70
"Austria",2018,"WesternEurope",7.139,1.341,1.504,0.891,0.617,0.242,0.224,55,63,70
"Austria",2016,"WesternEurope",7.119,1.45038,1.08383,0.80565,0.54355,0.32865,0.21348,55,63,70
"Bangladesh",2018,"Other",4.5,0.532,0.85,0.579,0.58,0.153,0.144,20,20,60
"Bangladesh",2017,"Other",4.60799980163574,0.586682975292206,0.735131740570068,0.533241033554077,0.478356659412384,0.172255352139473,0.123717859387398,20,20,60
"Bangladesh",2016,"Other",4.643,0.54177,0.24749,0.52989,0.39778,0.19132,0.12583,20,20,60
"Bangladesh",2019,"Other",4.456,0.562,0.928,0.723,0.527,0.166,0.143,20,20,60
"Bangladesh",2015,"Other",4.694,0.39753,0.43106,0.60164,0.4082,0.21222,0.12569,20,20,60
"Belgium",2017,"WesternEurope",6.89099979400635,1.46378076076508,1.46231269836426,0.818091869354248,0.539770722389221,0.231503337621689,0.251343131065369,75,57,94
"Belgium",2015,"WesternEurope",6.937,1.30782,1.28566,0.89667,0.5845,0.2225,0.2254,75,57,94
"Belgium",2016,"WesternEurope",6.929,1.42539,1.05249,0.81959,0.51354,0.2424,0.26248,75,57,94
"Belgium",2018,"WesternEurope",6.927,1.324,1.483,0.894,0.583,0.188,0.24,75,57,94
"Belgium",2019,"WesternEurope",6.923,1.356,1.504,0.986,0.473,0.16,0.21,75,57,94
"Brazil",2018,"LatinAmerica",6.419,0.986,1.474,0.675,0.493,0.11,0.088,38,59,76
"Brazil",2019,"LatinAmerica",6.3,1.004,1.439,0.802,0.39,0.099,0.086,38,59,76
"Brazil",2017,"LatinAmerica",6.63500022888184,1.10735321044922,1.43130600452423,0.616552352905273,0.437453746795654,0.16234989464283,0.111092761158943,38,59,76
"Brazil",2016,"LatinAmerica",6.952,1.08754,1.03938,0.61415,0.40425,0.15776,0.14166,38,59,76
"Brazil",2015,"LatinAmerica",6.983,0.98124,1.23287,0.69702,0.49049,0.14574,0.17521,38,59,76
"Bulgaria",2016,"Other",4.217,1.11306,0.92542,0.67806,0.21219,0.12793,0.00615,30,16,85
"Bulgaria",2019,"Other",5.011,1.092,1.513,0.815,0.311,0.081,0.004,30,16,85
"Bulgaria",2017,"Other",4.71400022506714,1.1614590883255,1.43437945842743,0.708217680454254,0.289231717586517,0.113177694380283,0.0110515309497714,30,16,85
"Bulgaria",2015,"Other",4.218,1.01216,1.10614,0.76649,0.30587,0.11921,0.00872,30,16,85
"Bulgaria",2018,"Other",4.933,1.054,1.515,0.712,0.359,0.064,0.009,30,16,85
"Canada",2017,"NorthAmerica",7.31599998474121,1.47920441627502,1.48134899139404,0.83455765247345,0.611100912094116,0.435539722442627,0.287371516227722,80,68,48
"Canada",2019,"NorthAmerica",7.278,1.365,1.505,1.039,0.584,0.285,0.308,80,68,48
"Canada",2016,"NorthAmerica",7.404,1.44015,1.0961,0.8276,0.5737,0.44834,0.31329,80,68,48
"Canada",2015,"NorthAmerica",7.427,1.32629,1.32261,0.90563,0.63297,0.45811,0.32957,80,68,48
"Canada",2018,"NorthAmerica",7.328,1.33,1.532,0.896,0.653,0.321,0.291,80,68,48
"Chile",2016,"LatinAmerica",6.705,1.2167,0.90587,0.81883,0.37789,0.31595,0.11451,23,68,86
"Chile",2019,"LatinAmerica",6.444,1.159,1.369,0.92,0.357,0.187,0.056,23,68,86
"Chile",2018,"LatinAmerica",6.476,1.131,1.331,0.808,0.431,0.197,0.061,23,68,86
"Chile",2015,"LatinAmerica",6.67,1.10715,1.12447,0.85857,0.44132,0.33363,0.12869,23,68,86
"Chile",2017,"LatinAmerica",6.65199995040894,1.25278460979462,1.28402495384216,0.819479703903198,0.376895278692245,0.326662421226501,0.0822879821062088,23,68,86
"China",2017,"EastAsia",5.27299976348877,1.08116579055786,1.16083741188049,0.741415500640869,0.472787708044052,0.0288068410009146,0.0227942746132612,20,24,30
"China",2018,"EastAsia",5.246,0.989,1.142,0.799,0.597,0.029,0.103,20,24,30
"China",2019,"EastAsia",5.191,1.029,1.125,0.893,0.521,0.058,0.1,20,24,30
"China",2016,"EastAsia",5.245,1.0278,0.79381,0.73561,0.44012,0.04959,0.02745,20,24,30
"China",2015,"EastAsia",5.14,0.89012,0.94675,0.81658,0.51697,0.08185,0.02781,20,24,30
"Colombia",2017,"LatinAmerica",6.35699987411499,1.07062232494354,1.4021829366684,0.595027923583984,0.477487415075302,0.149014472961426,0.0466687418520451,13,83,80
"Colombia",2019,"LatinAmerica",6.125,0.985,1.41,0.841,0.47,0.099,0.034,13,83,80
"Colombia",2016,"LatinAmerica",6.481,1.03032,1.02169,0.59659,0.44735,0.15626,0.05399,13,83,80
"Colombia",2018,"LatinAmerica",6.26,0.96,1.439,0.635,0.531,0.099,0.039,13,83,80
"Colombia",2015,"LatinAmerica",6.477,0.91861,1.24018,0.69077,0.53466,0.18401,0.0512,13,83,80
"Croatia",2015,"Other",5.759,1.08254,0.79624,0.78805,0.25883,0.05444,0.0243,33,33,80
"Croatia",2018,"Other",5.321,1.115,1.161,0.737,0.38,0.12,0.039,33,33,80
"Croatia",2017,"Other",5.29300022125244,1.22255623340607,0.96798300743103,0.701288521289825,0.255772292613983,0.248002976179123,0.0431031100451946,33,33,80
"Croatia",2016,"Other",5.488,1.18649,0.60809,0.70524,0.23907,0.18434,0.04002,33,33,80
"Croatia",2019,"Other",5.432,1.155,1.266,0.914,0.296,0.119,0.022,33,33,80
"Denmark",2015,"Nordic",7.527,1.32548,1.36058,0.87464,0.64938,0.34139,0.48357,74,70,23
"Denmark",2019,"Nordic",7.6,1.383,1.573,0.996,0.592,0.252,0.41,74,70,23
"Denmark",2017,"Nordic",7.52199983596802,1.48238301277161,1.55112159252167,0.792565524578094,0.626006722450256,0.355280488729477,0.40077006816864,74,70,23
"Denmark",2018,"Nordic",7.555,1.351,1.59,0.868,0.683,0.284,0.408,74,70,23
"Denmark",2016,"Nordic",7.526,1.44178,1.16374,0.79504,0.57941,0.36171,0.44453,74,70,23
"El Salvador",2019,"LatinAmerica",6.253,0.794,1.242,0.789,0.43,0.093,0.074,19,89,94
"El Salvador",2018,"LatinAmerica",6.167,0.806,1.231,0.639,0.461,0.065,0.082,19,89,94
"El Salvador",2016,"LatinAmerica",6.068,0.8737,0.80975,0.596,0.37269,0.08877,0.10613,19,89,94
"El Salvador",2017,"LatinAmerica",6.00299978256226,0.909784495830536,1.18212509155273,0.596018552780151,0.432452529668808,0.0782579854130745,0.0899809598922729,19,89,94
"El Salvador",2015,"LatinAmerica",6.13,0.76454,1.02507,0.67737,0.4035,0.10692,0.11776,19,89,94
"Estonia",2019,"Other",5.893,1.237,1.528,0.874,0.495,0.103,0.161,60,16,60
"Estonia",2017,"Other",5.61100006103516,1.32087934017181,1.47667109966278,0.695168316364288,0.479131430387497,0.0988908112049103,0.183248922228813,60,16,60
"Estonia",2015,"Other",5.429,1.15174,1.22791,0.77361,0.44888,0.0868,0.15184,60,16,60
"Estonia",2016,"Other",5.517,1.27964,1.05163,0.68098,0.41511,0.08423,0.18519,60,16,60
"Estonia",2018,"Other",5.739,1.2,1.532,0.737,0.553,0.086,0.174,60,16,60
"Finland",2019,"Nordic",7.769,1.34,1.587,0.986,0.596,0.153,0.393,63,57,59
"Finland",2015,"Nordic",7.406,1.29025,1.31826,0.88911,0.64169,0.23351,0.41372,63,57,59
"Finland",2017,"Nordic",7.4689998626709,1.44357192516327,1.5402467250824,0.80915766954422,0.617950856685638,0.24548277258873,0.38261154294014,63,57,59
"Finland",2018,"Nordic",7.632,1.305,1.592,0.874,0.681,0.202,0.393,63,57,59
"Finland",2016,"Nordic",7.413,1.40598,1.13464,0.81091,0.57104,0.25492,0.41004,63,57,59
"France",2017,"WesternEurope",6.44199991226196,1.43092346191406,1.38777685165405,0.844465851783752,0.470222115516663,0.129762306809425,0.172502428293228,71,48,86
"France",2015,"WesternEurope",6.575,1.27778,1.26038,0.94579,0.55011,0.12332,0.20646,71,48,86
"France",2019,"WesternEurope",6.592,1.324,1.472,1.045,0.436,0.111,0.183,71,48,86
"France",2018,"WesternEurope",6.489,1.293,1.466,0.908,0.52,0.098,0.176,71,48,86
"France",2016,"WesternEurope",6.478,1.39488,1.00508,0.83795,0.46562,0.1216,0.17808,71,48,86
"Germany",2015,"WesternEurope",6.75,1.32792,1.29937,0.89186,0.61477,0.28214,0.21843,67,40,65
"Germany",2018,"WesternEurope",6.965,1.34,1.474,0.861,0.586,0.273,0.28,67,40,65
"Germany",2019,"WesternEurope",6.985,1.373,1.454,0.987,0.495,0.261,0.265,67,40,65
"Germany",2016,"WesternEurope",6.994,1.44787,1.09774,0.81487,0.53466,0.30452,0.28551,67,40,65
"Germany",2017,"WesternEurope",6.95100021362305,1.48792338371277,1.47252035140991,0.798950731754303,0.562511384487152,0.336269170045853,0.276731938123703,67,40,65
"Greece",2015,"Other",4.857,1.15406,0.92933,0.88213,0.07699,0,0.01397,35,50,112
"Greece",2017,"Other",5.22700023651123,1.28948748111725,1.23941457271576,0.810198903083801,0.0957312509417534,0,0.04328977689147,35,50,112
"Greece",2018,"Other",5.358,1.154,1.202,0.879,0.131,0,0.044,35,50,112
"Greece",2019,"Other",5.287,1.181,1.156,0.999,0.067,0,0.034,35,50,112
"Greece",2016,"Other",5.033,1.24886,0.75473,0.80029,0.05822,0,0.04127,35,50,112
"Hong Kong",2015,"EastAsia",5.474,1.38604,1.05818,1.01328,0.59608,0.39478,0.37124,25,17,29
"Hong Kong",2016,"EastAsia",5.458,1.5107,0.87021,0.95277,0.48079,0.40097,0.31647,25,17,29
"Hong Kong",2018,"EastAsia",5.43,1.405,1.29,1.03,0.524,0.246,0.291,25,17,29
"Hong Kong",2019,"EastAsia",5.43,1.438,1.277,1.122,0.44,0.258,0.287,25,17,29
"Hungary",2016,"Other",5.145,1.24142,0.93164,0.67608,0.1977,0.099,0.04472,80,31,82
"Hungary",2018,"Other",5.62,1.171,1.401,0.732,0.259,0.061,0.022,80,31,82
"Hungary",2017,"Other",5.32399988174438,1.2860119342804,1.34313309192657,0.687763452529907,0.175863519310951,0.0784016624093056,0.0366369374096394,80,31,82
"Hungary",2015,"Other",4.8,1.12094,1.20215,0.75905,0.32112,0.128,0.02758,80,31,82
"Hungary",2019,"Other",5.758,1.201,1.41,0.828,0.199,0.081,0.02,80,31,82
"India",2015,"Other",4.565,0.64499,0.38174,0.51529,0.39786,0.26475,0.08492,48,26,40
"India",2017,"Other",4.31500005722046,0.792221248149872,0.754372596740723,0.455427616834641,0.469987004995346,0.231538489460945,0.0922268852591515,48,26,40
"India",2019,"Other",4.015,0.755,0.765,0.588,0.498,0.2,0.085,48,26,40
"India",2018,"Other",4.19,0.721,0.747,0.485,0.539,0.172,0.093,48,26,40
"India",2016,"Other",4.404,0.74036,0.29247,0.45091,0.40285,0.25028,0.08722,48,26,40
"Indonesia",2016,"Other",5.314,0.95104,0.87625,0.49374,0.39237,0.56521,0.00322,14,38,48
"Indonesia",2017,"Other",5.26200008392334,0.995538592338562,1.27444469928741,0.492345720529556,0.443323463201523,0.611704587936401,0.0153171354904771,14,38,48
"Indonesia",2019,"Other",5.192,0.931,1.203,0.66,0.491,0.498,0.028,14,38,48
"Indonesia",2015,"Other",5.399,0.82827,1.08708,0.63793,0.46611,0.51535,0,14,38,48
"Indonesia",2018,"Other",5.093,0.899,1.215,0.522,0.538,0.484,0.018,14,38,48
"Iran",2018,"MiddleEast",4.707,1.059,0.771,0.691,0.459,0.282,0.129,41,40,59
"Iran",2015,"MiddleEast",4.686,1.0088,0.54447,0.69805,0.30033,0.38086,0.05863,41,40,59
"Iran",2019,"MiddleEast",4.548,1.1,0.842,0.785,0.305,0.27,0.125,41,40,59
"Iran",2016,"MiddleEast",4.813,1.11758,0.38857,0.64232,0.22544,0.38538,0.0557,41,40,59
"Iran",2017,"MiddleEast",4.69199991226196,1.15687310695648,0.711551249027252,0.639333188533783,0.249322608113289,0.387242913246155,0.048761073499918,41,40,59
"Ireland",2015,"WesternEurope",6.94,1.33596,1.36948,0.89533,0.61777,0.45901,0.28703,70,65,35
"Ireland",2019,"WesternEurope",7.021,1.499,1.553,0.999,0.516,0.298,0.31,70,65,35
"Ireland",2016,"WesternEurope",6.907,1.48341,1.16157,0.81455,0.54008,0.44963,0.29754,70,65,35
"Ireland",2017,"WesternEurope",6.97700023651123,1.53570663928986,1.55823111534119,0.80978262424469,0.573110342025757,0.42785832285881,0.29838815331459,70,65,35
"Ireland",2018,"WesternEurope",6.977,1.448,1.583,0.876,0.614,0.307,0.306,70,65,35
"Italy",2019,"WesternEurope",6.223,1.294,1.488,1.039,0.231,0.158,0.03,76,30,75
"Italy",2018,"WesternEurope",6,1.264,1.501,0.946,0.281,0.137,0.028,76,30,75
"Italy",2017,"WesternEurope",5.96400022506714,1.39506661891937,1.44492328166962,0.853144347667694,0.256450712680817,0.17278964817524,0.0280280914157629,76,30,75
"Italy",2016,"WesternEurope",5.977,1.35495,1.04167,0.85102,0.18827,0.16684,0.02556,76,30,75
"Italy",2015,"WesternEurope",5.948,1.25114,1.19777,0.95446,0.26236,0.22823,0.02901,76,30,75
"Japan",2015,"EastAsia",5.987,1.27074,1.25712,0.99111,0.49615,0.10705,0.1806,46,42,92
"Japan",2017,"EastAsia",5.92000007629395,1.41691517829895,1.43633782863617,0.913475871086121,0.505625545978546,0.12057276815176,0.163760736584663,46,42,92
"Japan",2018,"EastAsia",5.915,1.294,1.462,0.988,0.553,0.079,0.15,46,42,92
"Japan",2016,"EastAsia",5.921,1.38007,1.06054,0.91491,0.46761,0.10224,0.18985,46,42,92
"Japan",2019,"EastAsia",5.886,1.327,1.419,1.088,0.445,0.069,0.14,46,42,92
"Latvia",2017,"Other",5.84999990463257,1.26074862480164,1.40471494197845,0.638566970825195,0.325707912445068,0.153074786067009,0.0738427266478539,70,13,63
"Latvia",2016,"Other",5.56,1.21788,0.95025,0.63952,0.27996,0.17445,0.0889,70,13,63
"Latvia",2018,"Other",5.933,1.148,1.454,0.671,0.363,0.092,0.066,70,13,63
"Latvia",2019,"Other",5.94,1.187,1.465,0.812,0.264,0.075,0.064,70,13,63
"Latvia",2015,"Other",5.098,1.11312,1.09562,0.72437,0.29671,0.18226,0.06332,70,13,63
"Lithuania",2018,"Other",5.952,1.197,1.527,0.716,0.35,0.026,0.006,60,16,65
"Lithuania",2017,"Other",5.90199995040894,1.31458234786987,1.47351610660553,0.62894994020462,0.234231784939766,0.010164656676352,0.0118656428530812,60,16,65
"Lithuania",2015,"Other",5.833,1.14723,1.25745,0.73128,0.21342,0.02641,0.01031,60,16,65
"Lithuania",2019,"Other",6.149,1.238,1.515,0.818,0.291,0.043,0.042,60,16,65
"Lithuania",2016,"Other",5.813,1.2692,1.06411,0.64674,0.18929,0.02025,0.0182,60,16,65
"Luxembourg",2019,"WesternEurope",7.09,1.609,1.479,1.012,0.526,0.194,0.316,60,56,70
"Luxembourg",2016,"WesternEurope",6.871,1.69752,1.03999,0.84542,0.5487,0.27571,0.35329,60,56,70
"Luxembourg",2018,"WesternEurope",6.91,1.576,1.52,0.896,0.632,0.196,0.321,60,56,70
"Luxembourg",2015,"WesternEurope",6.946,1.56391,1.21963,0.91894,0.61583,0.28034,0.37798,60,56,70
"Luxembourg",2017,"WesternEurope",6.86299991607666,1.74194359779358,1.45758366584778,0.845089495182037,0.59662789106369,0.283180981874466,0.31883442401886,60,56,70
"Malaysia",2019,"Other",5.339,1.221,1.171,0.828,0.508,0.26,0.024,26,57,36
"Malaysia",2017,"Other",6.08400011062622,1.29121541976929,1.28464603424072,0.618784427642822,0.402264982461929,0.416608929634094,0.0656007081270218,26,57,36
"Malaysia",2016,"Other",6.005,1.25142,0.88025,0.62366,0.39031,0.41474,0.09081,26,57,36
"Malaysia",2018,"Other",6.322,1.161,1.258,0.669,0.356,0.311,0.059,26,57,36
"Malaysia",2015,"Other",5.77,1.12486,1.07023,0.72394,0.53024,0.33075,0.10501,26,57,36
"Malta",2017,"Other",6.52699995040894,1.34327983856201,1.48841166496277,0.821944236755371,0.588767051696777,0.574730575084686,0.153066068887711,59,66,96
"Malta",2015,"Other",6.302,1.2074,1.30203,0.88721,0.60365,0.51752,0.13586,59,66,96
"Malta",2016,"Other",6.488,1.30782,1.09879,0.80315,0.54994,0.56237,0.17554,59,66,96
"Malta",2019,"Other",6.726,1.3,1.52,0.999,0.564,0.375,0.151,59,66,96
"Malta",2018,"Other",6.627,1.27,1.525,0.884,0.645,0.376,0.142,59,66,96
"Mexico",2016,"LatinAmerica",6.778,1.11508,0.7146,0.71143,0.37709,0.11735,0.18355,30,97,82
"Mexico",2017,"LatinAmerica",6.57800006866455,1.15318381786346,1.210862159729,0.709978997707367,0.412730008363724,0.120990432798862,0.132774114608765,30,97,82
"Mexico",2015,"LatinAmerica",7.187,1.02054,0.91451,0.81444,0.48181,0.14074,0.21312,30,97,82
"Mexico",2019,"LatinAmerica",6.595,1.07,1.323,0.861,0.433,0.074,0.073,30,97,82
"Mexico",2018,"LatinAmerica",6.488,1.038,1.252,0.761,0.479,0.069,0.095,30,97,82
"Morocco",2018,"Other",5.254,0.779,0.797,0.669,0.46,0.026,0.074,46,25,68
"Morocco",2017,"Other",5.2350001335144,0.878114581108093,0.774864435195923,0.59771066904068,0.408158332109451,0.0322099551558495,0.0877631828188896,46,25,68
"Morocco",2019,"Other",5.208,0.801,0.782,0.782,0.418,0.036,0.076,46,25,68
"Morocco",2016,"Other",5.151,0.84058,0.38595,0.59471,0.25646,0.04053,0.08404,46,25,68
"Morocco",2015,"Other",5.013,0.73479,0.64095,0.60954,0.41691,0.07172,0.08546,46,25,68
"Netherlands",2015,"WesternEurope",7.378,1.32944,1.28017,0.89284,0.61576,0.4761,0.31814,80,68,53
"Netherlands",2017,"WesternEurope",7.3769998550415,1.50394463539124,1.42893922328949,0.810696125030518,0.585384488105774,0.470489829778671,0.282661825418472,80,68,53
"Netherlands",2016,"WesternEurope",7.339,1.46468,1.02912,0.81231,0.55211,0.47416,0.29927,80,68,53
"Netherlands",2019,"WesternEurope",7.488,1.396,1.522,0.999,0.557,0.322,0.298,80,68,53
"Netherlands",2018,"WesternEurope",7.441,1.361,1.488,0.878,0.638,0.333,0.295,80,68,53
"New Zealand",2016,"Other",7.334,1.36066,1.17278,0.83096,0.58147,0.49401,0.41904,79,75,49
"New Zealand",2018,"Other",7.324,1.268,1.601,0.876,0.669,0.365,0.389,79,75,49
"New Zealand",2019,"Other",7.307,1.303,1.557,1.026,0.585,0.33,0.38,79,75,49
"New Zealand",2015,"Other",7.286,1.25018,1.31967,0.90837,0.63938,0.47501,0.42922,79,75,49
"New Zealand",2017,"Other",7.31400012969971,1.40570604801178,1.54819512367249,0.816759705543518,0.614062130451202,0.500005125999451,0.382816702127457,79,75,49
"Norway",2015,"Nordic",7.522,1.459,1.33095,0.88521,0.66973,0.34699,0.36503,69,55,50
"Norway",2016,"Nordic",7.498,1.57744,1.1269,0.79579,0.59609,0.37895,0.35776,69,55,50
"Norway",2019,"Nordic",7.554,1.488,1.582,1.028,0.603,0.271,0.341,69,55,50
"Norway",2017,"Nordic",7.53700017929077,1.61646318435669,1.53352355957031,0.796666502952576,0.635422587394714,0.36201223731041,0.315963834524155,69,55,50
"Norway",2018,"Nordic",7.594,1.456,1.582,0.861,0.686,0.286,0.34,69,55,50
"Pakistan",2017,"Other",5.26900005340576,0.72688353061676,0.672690689563751,0.402047783136368,0.23521526157856,0.315446019172668,0.124348066747189,14,0,70
"Pakistan",2019,"Other",5.653,0.677,0.886,0.535,0.313,0.22,0.098,14,0,70
"Pakistan",2018,"Other",5.472,0.652,0.81,0.424,0.334,0.216,0.113,14,0,70
"Pakistan",2016,"Other",5.132,0.68816,0.26135,0.40306,0.14622,0.31185,0.1388,14,0,70
"Pakistan",2015,"Other",5.194,0.59543,0.41411,0.51466,0.12102,0.33671,0.10464,14,0,70
"Peru",2018,"LatinAmerica",5.663,0.934,1.249,0.674,0.53,0.092,0.034,16,46,87
"Peru",2016,"LatinAmerica",5.743,0.99602,0.81255,0.62994,0.37502,0.14527,0.05292,16,46,87
"Peru",2017,"LatinAmerica",5.71500015258789,1.03522527217865,1.21877038478851,0.630166113376617,0.450002878904343,0.126819714903831,0.0470490865409374,16,46,87
"Peru",2019,"LatinAmerica",5.697,0.96,1.274,0.854,0.455,0.083,0.027,16,46,87
"Peru",2015,"LatinAmerica",5.824,0.90019,0.97459,0.73017,0.41496,0.14982,0.05989,16,46,87
"Philippines",2016,"Other",5.279,0.81217,0.87877,0.47036,0.54854,0.21674,0.11757,32,42,44
"Philippines",2018,"Other",5.524,0.775,1.312,0.513,0.643,0.12,0.105,32,42,44
"Philippines",2017,"Other",5.42999982833862,0.85769921541214,1.25391757488251,0.468009054660797,0.585214674472809,0.193513423204422,0.0993318930268288,32,42,44
"Philippines",2015,"Other",5.073,0.70532,1.03516,0.58114,0.62545,0.24991,0.12279,32,42,44
"Philippines",2019,"Other",5.631,0.807,1.293,0.657,0.558,0.117,0.107,32,42,44
"Poland",2018,"Other",6.123,1.176,1.448,0.781,0.546,0.108,0.064,60,29,93
"Poland",2019,"Other",6.182,1.206,1.438,0.884,0.483,0.117,0.05,60,29,93
"Poland",2015,"Other",5.791,1.12555,1.27948,0.77903,0.53122,0.16759,0.04212,60,29,93
"Poland",2017,"Other",5.97300004959106,1.29178786277771,1.44571197032928,0.699475347995758,0.520342111587524,0.158465966582298,0.0593078061938286,60,29,93
"Poland",2016,"Other",5.835,1.24585,1.04685,0.69058,0.4519,0.14443,0.055,60,29,93
"Portugal",2019,"WesternEurope",5.693,1.221,1.431,0.999,0.508,0.047,0.025,27,33,104
"Portugal",2016,"WesternEurope",5.123,1.27607,0.94367,0.79363,0.44727,0.11691,0.01521,27,33,104
"Portugal",2018,"WesternEurope",5.41,1.188,1.429,0.884,0.562,0.055,0.017,27,33,104
"Portugal",2015,"WesternEurope",5.102,1.15991,1.13935,0.87519,0.51469,0.13719,0.01078,27,33,104
"Portugal",2017,"WesternEurope",5.19500017166138,1.3151752948761,1.36704301834106,0.795843541622162,0.498465299606323,0.0951027125120163,0.0158694516867399,27,33,104
"Romania",2015,"Other",5.124,1.04345,0.88588,0.7689,0.35068,0.13748,0.00649,30,20,90
"Romania",2018,"Other",5.945,1.116,1.219,0.726,0.528,0.088,0.001,30,20,90
"Romania",2016,"Other",5.528,1.1697,0.72803,0.67602,0.36712,0.12889,0.00679,30,20,90
"Romania",2017,"Other",5.82499980926514,1.21768391132355,1.15009129047394,0.685158312320709,0.457003742456436,0.133519917726517,0.00438790069893003,30,20,90
"Romania",2019,"Other",6.07,1.162,1.232,0.825,0.462,0.083,0.005,30,20,90
"Russia",2015,"Other",5.716,1.13764,1.23617,0.66926,0.36679,0.00199,0.03005,39,20,95
"Russia",2019,"Other",5.648,1.183,1.452,0.726,0.334,0.082,0.031,39,20,95
"Russia",2016,"Other",5.856,1.23228,1.05261,0.58991,0.32682,0.02736,0.03586,39,20,95
"Russia",2018,"Other",5.81,1.151,1.479,0.599,0.399,0.065,0.025,39,20,95
"Russia",2017,"Other",5.96299982070923,1.28177809715271,1.46928238868713,0.547349333763123,0.373783111572266,0.0522638224065304,0.0329628810286522,39,20,95
"Serbia",2018,"Other",5.398,0.975,1.369,0.685,0.288,0.134,0.043,25,28,92
"Serbia",2015,"Other",5.123,0.92053,1.00964,0.74836,0.20107,0.19231,0.02617,25,28,92
"Serbia",2016,"Other",5.177,1.03437,0.81329,0.6458,0.15718,0.20737,0.04339,25,28,92
"Serbia",2019,"Other",5.603,1.004,1.383,0.854,0.282,0.137,0.039,25,28,92
"Serbia",2017,"Other",5.39499998092651,1.06931757926941,1.25818979740143,0.65078467130661,0.208715528249741,0.220125883817673,0.0409037806093693,25,28,92
"Singapore",2018,"EastAsia",6.343,1.529,1.451,1.008,0.631,0.261,0.457,20,46,8
"Singapore",2017,"EastAsia",6.57200002670288,1.69227766990662,1.35381436347961,0.949492394924164,0.549840569496155,0.345965981483459,0.46430778503418,20,46,8
"Singapore",2016,"EastAsia",6.739,1.64555,0.86758,0.94719,0.4877,0.32706,0.46987,20,46,8
"Singapore",2019,"EastAsia",6.262,1.572,1.463,1.141,0.556,0.271,0.453,20,46,8
"Singapore",2015,"EastAsia",6.798,1.52186,1.02,1.02525,0.54252,0.31105,0.4921,20,46,8
"Slovenia",2015,"Other",5.848,1.18498,1.27385,0.87337,0.60855,0.25328,0.03787,27,48,88
"Slovenia",2016,"Other",5.768,1.29947,1.05613,0.79151,0.53164,0.25738,0.03635,27,48,88
"Slovenia",2019,"Other",6.118,1.258,1.523,0.953,0.564,0.144,0.057,27,48,88
"Slovenia",2018,"Other",5.948,1.219,1.506,0.856,0.633,0.16,0.051,27,48,88
"Slovenia",2017,"Other",5.75799989700317,1.3412059545517,1.45251882076263,0.790828227996826,0.572575807571411,0.242649093270302,0.0451289787888527,27,48,88
"Spain",2017,"WesternEurope",6.40299987792969,1.38439786434174,1.53209090232849,0.888960599899292,0.408781230449677,0.190133571624756,0.0709140971302986,51,44,86
"Spain",2019,"WesternEurope",6.354,1.286,1.484,1.062,0.362,0.153,0.079,51,44,86
"Spain",2015,"WesternEurope",6.329,1.23011,1.31379,0.95562,0.45951,0.18227,0.06398,51,44,86
"Spain",2018,"WesternEurope",6.31,1.251,1.538,0.965,0.449,0.142,0.074,51,44,86
"Spain",2016,"WesternEurope",6.361,1.34253,1.12945,0.87896,0.37545,0.17665,0.06137,51,44,86
"Sweden",2015,"Nordic",7.364,1.33171,1.28907,0.91087,0.6598,0.36262,0.43844,71,78,29
"Sweden",2019,"Nordic",7.343,1.387,1.487,1.009,0.574,0.267,0.373,71,78,29
"Sweden",2016,"Nordic",7.291,1.45181,1.08764,0.83121,0.58218,0.38254,0.40867,71,78,29
"Sweden",2018,"Nordic",7.314,1.355,1.501,0.913,0.659,0.285,0.383,71,78,29
"Sweden",2017,"Nordic",7.28399991989136,1.49438726902008,1.47816216945648,0.830875158309937,0.612924098968506,0.385399252176285,0.384398728609085,71,78,29
"Switzerland",2017,"WesternEurope",7.49399995803833,1.56497955322266,1.51691174507141,0.858131289482117,0.620070576667786,0.290549278259277,0.367007285356522,68,66,58
"Switzerland",2018,"WesternEurope",7.487,1.42,1.549,0.927,0.66,0.256,0.357,68,66,58
"Switzerland",2015,"WesternEurope",7.587,1.39651,1.34951,0.94143,0.66557,0.29678,0.41978,68,66,58
"Switzerland",2019,"WesternEurope",7.48,1.452,1.526,1.052,0.572,0.263,0.343,68,66,58
"Switzerland",2016,"WesternEurope",7.509,1.52733,1.14524,0.86303,0.58557,0.28083,0.41203,68,66,58
"Taiwan",2019,"EastAsia",6.446,1.368,1.43,0.914,0.351,0.242,0.097,17,49,69
"Taiwan",2016,"EastAsia",6.379,1.39729,0.92624,0.79565,0.32377,0.25495,0.0663,17,49,69
"Taiwan",2018,"EastAsia",6.441,1.365,1.436,0.857,0.418,0.151,0.078,17,49,69
"Taiwan",2015,"EastAsia",6.298,1.29098,1.07617,0.8753,0.3974,0.25376,0.08129,17,49,69
"Thailand",2017,"Other",6.42399978637695,1.12786877155304,1.42579245567322,0.647239029407501,0.580200731754303,0.572123110294342,0.0316127352416515,20,45,64
"Thailand",2018,"Other",6.072,1.016,1.417,0.707,0.637,0.364,0.029,20,45,64
"Thailand",2019,"Other",6.008,1.05,1.409,0.828,0.557,0.359,0.028,20,45,64
"Thailand",2016,"Other",6.474,1.0893,1.04477,0.64915,0.49553,0.58696,0.02833,20,45,64
"Thailand",2015,"Other",6.455,0.9669,1.26504,0.7385,0.55664,0.5763,0.03187,20,45,64
"Trinidad and Tobago",2015,"Other",6.168,1.21183,1.18354,0.61483,0.55884,0.31844,0.0114,16,80,55
"Trinidad and Tobago",2016,"Other",6.168,1.32572,0.98569,0.52608,0.48453,0.31935,0.01241,16,80,55
"Trinidad and Tobago",2017,"Other",6.16800022125244,1.36135590076447,1.3802285194397,0.519983291625977,0.518630743026733,0.325296461582184,0.00896481610834599,16,80,55
"Turkey",2015,"Other",5.332,1.06098,0.94632,0.73172,0.22815,0.12253,0.15746,37,49,85
"Turkey",2016,"Other",5.389,1.16492,0.87717,0.64718,0.23889,0.04707,0.12348,37,49,85
"Turkey",2019,"Other",5.373,1.183,1.36,0.808,0.195,0.083,0.106,37,49,85
"Turkey",2018,"Other",5.483,1.148,1.38,0.686,0.324,0.106,0.109,37,49,85
"Turkey",2017,"Other",5.5,1.19827437400818,1.33775317668915,0.637605607509613,0.300740599632263,0.0466930419206619,0.0996715798974037,37,49,85
"Uruguay",2016,"LatinAmerica",6.545,1.18157,1.03143,0.72183,0.54388,0.18056,0.21394,36,53,100
"Uruguay",2015,"LatinAmerica",6.485,1.06166,1.2089,0.8116,0.60362,0.2324,0.24558,36,53,100
"Uruguay",2017,"LatinAmerica",6.4539999961853,1.21755969524384,1.41222786903381,0.719216823577881,0.57939225435257,0.175096929073334,0.178061872720718,36,53,100
"Uruguay",2019,"LatinAmerica",6.293,1.124,1.465,0.891,0.523,0.127,0.15,36,53,100
"Uruguay",2018,"LatinAmerica",6.379,1.093,1.459,0.771,0.625,0.13,0.155,36,53,100
"Venezuela",2018,"LatinAmerica",4.806,0.996,1.469,0.657,0.133,0.056,0.052,12,100,76
"Venezuela",2019,"LatinAmerica",4.707,0.96,1.427,0.805,0.154,0.064,0.047,12,100,76
"Venezuela",2017,"LatinAmerica",5.25,1.12843120098114,1.43133759498596,0.617144227027893,0.153997123241425,0.0650196298956871,0.0644911229610443,12,100,76
"Venezuela",2015,"LatinAmerica",6.81,1.04424,1.25596,0.72052,0.42908,0.05841,0.11069,12,100,76
"Venezuela",2016,"LatinAmerica",6.084,1.13367,1.03302,0.61904,0.19847,0.0425,0.08304,12,100,76
"Vietnam",2019,"Other",5.175,0.741,1.346,0.851,0.543,0.147,0.073,20,35,30
"Vietnam",2015,"Other",5.36,0.63216,0.91226,0.74676,0.59444,0.1686,0.10441,20,35,30
"Vietnam",2017,"Other",5.07399988174438,0.788547575473785,1.27749133110046,0.652168989181519,0.571055591106415,0.234968051314354,0.0876332372426987,20,35,30
"Vietnam",2016,"Other",5.061,0.74037,0.79117,0.66157,0.55954,0.25075,0.11556,20,35,30
"Vietnam",2018,"Other",5.103,0.715,1.365,0.702,0.618,0.177,0.079,20,35,30
